month,actual_revenue,actual_gross_profit,budget_revenue_thb,budget_gross_profit_thb,note,revenue_variance,revenue_variance_%,gross_profit_variance,gross_profit_variance_%
2025-09-01,1831045.73,513515.36159622646,2700000,700000,Flat monthly run-rate target set by management at the start of the fiscal year; does not adjust for seasonality or input-cost volatility.,-868954.27,-32.18349148148148,-186484.63840377354,-26.640662629110505
2025-10-01,1885217.81,529386.1942754717,2700000,700000,Flat monthly run-rate target set by management at the start of the fiscal year; does not adjust for seasonality or input-cost volatility.,-814782.19,-30.177118148148146,-170613.80572452827,-24.373400817789754
2025-11-01,2162005.65,615790.3149245284,2700000,700000,Flat monthly run-rate target set by management at the start of the fiscal year; does not adjust for seasonality or input-cost volatility.,-537994.3500000001,-19.92571666666667,-84209.68507547164,-12.029955010781663
2025-12-01,2322860.25,659298.9691132077,2700000,700000,Flat monthly run-rate target set by management at the start of the fiscal year; does not adjust for seasonality or input-cost volatility.,-377139.75,-13.96813888888889,-40701.030886792345,-5.814432983827478
2026-01-01,2346636.15,668240.569490566,2700000,700000,Flat monthly run-rate target set by management at the start of the fiscal year; does not adjust for seasonality or input-cost volatility.,-353363.8500000001,-13.087550000000004,-31759.430509433965,-4.537061501347709
2026-02-01,2230827.2,629348.6272830189,2700000,700000,Flat monthly run-rate target set by management at the start of the fiscal year; does not adjust for seasonality or input-cost volatility.,-469172.7999999998,-17.376770370370366,-70651.3727169811,-10.093053245283015
2026-03-01,3468311.65,854052.9993109715,2700000,700000,Flat monthly run-rate target set by management at the start of the fiscal year; does not adjust for seasonality or input-cost volatility.,768311.6499999999,28.455987037037033,154052.99931097147,22.00757133013878
2026-04-01,3893495.8499999996,986066.4709182391,2700000,700000,Flat monthly run-rate target set by management at the start of the fiscal year; does not adjust for seasonality or input-cost volatility.,1193495.8499999996,44.203549999999986,286066.4709182391,40.866638702605584
2026-05-01,3358437.1,863071.8898043327,2700000,700000,Flat monthly run-rate target set by management at the start of the fiscal year; does not adjust for seasonality or input-cost volatility.,658437.1000000001,24.386559259259265,163071.88980433275,23.29598425776182
2026-06-01,2218046.13,560113.3059903565,2700000,700000,Flat monthly run-rate target set by management at the start of the fiscal year; does not adjust for seasonality or input-cost volatility.,-481953.8700000001,-17.85014333333334,-139886.6940096435,-19.983813429949073
2026-07-01,2112790.52,544046.8575407407,2700000,700000,Flat monthly run-rate target set by management at the start of the fiscal year; does not adjust for seasonality or input-cost volatility.,-587209.48,-21.74849925925926,-155953.14245925925,-22.27902035132275
2026-08-01,2122224.6799999997,552521.2620916842,2700000,700000,Flat monthly run-rate target set by management at the start of the fiscal year; does not adjust for seasonality or input-cost volatility.,-577775.3200000003,-21.399085925925938,-147478.73790831584,-21.068391129759405
