month,kitchen,revenue,profit_before_overhead,forecast_units,monthly_overhead,net_profit,net_margin_%
2026-09-01,BKK_Ladprao,320412.8048570094,84430.08571637626,6242.666666666666,140000,-55569.914283623744,-17.343225189899304
2026-09-01,BKK_Sukhumvit,536383.0571984223,140699.22870253032,10414.333333333334,200000,-59300.77129746968,-11.05567569699219
2026-09-01,Pattaya_Beach,607388.3939252261,158783.8195537512,11768.333333333332,150000,8783.819553751207,1.4461619025984485
2026-09-01,Pattaya_Central,713986.168515603,187061.9560119058,13860.666666666666,180000,7061.956011905801,0.9890886299083079
2026-10-01,BKK_Ladprao,320412.8048570094,84430.08571637626,6242.666666666666,140000,-55569.914283623744,-17.343225189899304
2026-10-01,BKK_Sukhumvit,536383.0571984223,140699.22870253032,10414.333333333334,200000,-59300.77129746968,-11.05567569699219
2026-10-01,Pattaya_Beach,607388.3939252261,158783.8195537512,11768.333333333332,150000,8783.819553751207,1.4461619025984485
2026-10-01,Pattaya_Central,713986.168515603,187061.9560119058,13860.666666666666,180000,7061.956011905801,0.9890886299083079
2026-11-01,BKK_Ladprao,320412.8048570094,84430.08571637626,6242.666666666666,140000,-55569.914283623744,-17.343225189899304
2026-11-01,BKK_Sukhumvit,536383.0571984223,140699.22870253032,10414.333333333334,200000,-59300.77129746968,-11.05567569699219
2026-11-01,Pattaya_Beach,607388.3939252261,158783.8195537512,11768.333333333332,150000,8783.819553751207,1.4461619025984485
2026-11-01,Pattaya_Central,713986.168515603,187061.9560119058,13860.666666666666,180000,7061.956011905801,0.9890886299083079
