kitchen,menu_clean,forecast_units,month,fruit_cost,packaging_cost,labor_cost,commission_rate,price_thb,revenue,variable_cost,platform_fee,profit_before_overhead
BKK_Ladprao,Guava,1041.3333333333333,2026-09-01,9.366981132075471,6.0,5.5,0.27405003880409473,48.35533463912192,50354.02180420562,21729.483018867926,13799.521629384782,14825.017155952914
BKK_Ladprao,Guava,1041.3333333333333,2026-10-01,9.366981132075471,6.0,5.5,0.27405003880409473,48.35533463912192,50354.02180420562,21729.483018867926,13799.521629384782,14825.017155952914
BKK_Ladprao,Guava,1041.3333333333333,2026-11-01,9.366981132075471,6.0,5.5,0.27405003880409473,48.35533463912192,50354.02180420562,21729.483018867926,13799.521629384782,14825.017155952914
BKK_Ladprao,Mixed Berry,401.6666666666667,2026-09-01,40.92962962962962,8.0,7.0,0.27244260027662515,87.4283642231443,35117.05962962963,22465.067901234568,9567.383039565595,3084.608688829465
BKK_Ladprao,Mixed Berry,401.6666666666667,2026-10-01,40.92962962962962,8.0,7.0,0.27244260027662515,87.4283642231443,35117.05962962963,22465.067901234568,9567.383039565595,3084.608688829465
BKK_Ladprao,Mixed Berry,401.6666666666667,2026-11-01,40.92962962962962,8.0,7.0,0.27244260027662515,87.4283642231443,35117.05962962963,22465.067901234568,9567.383039565595,3084.608688829465
BKK_Ladprao,Passion Fruit,825.6666666666666,2026-09-01,20.93,6.0,6.0,0.2739002955665024,64.13710738916257,52955.87166765189,27189.20333333333,14504.628901751623,11262.039432566935
BKK_Ladprao,Passion Fruit,825.6666666666666,2026-10-01,20.93,6.0,6.0,0.2739002955665024,64.13710738916257,52955.87166765189,27189.20333333333,14504.628901751623,11262.039432566935
BKK_Ladprao,Passion Fruit,825.6666666666666,2026-11-01,20.93,6.0,6.0,0.2739002955665024,64.13710738916257,52955.87166765189,27189.20333333333,14504.628901751623,11262.039432566935
BKK_Ladprao,Pineapple,1403.0,2026-09-01,9.49698113207547,6.0,5.0,0.27273658536585366,48.40915162601625,67918.0397313008,28757.264528301883,18523.734241057362,20637.04096194156
BKK_Ladprao,Pineapple,1403.0,2026-10-01,9.49698113207547,6.0,5.0,0.27273658536585366,48.40915162601625,67918.0397313008,28757.264528301883,18523.734241057362,20637.04096194156
BKK_Ladprao,Pineapple,1403.0,2026-11-01,9.49698113207547,6.0,5.0,0.27273658536585366,48.40915162601625,67918.0397313008,28757.264528301883,18523.734241057362,20637.04096194156
BKK_Ladprao,Watermelon,2571.0,2026-09-01,7.776792452830189,6.0,5.0,0.2732698961937716,44.36709919261822,114067.81202422145,48275.13339622642,31171.29915090965,34621.379477085386
BKK_Ladprao,Watermelon,2571.0,2026-10-01,7.776792452830189,6.0,5.0,0.2732698961937716,44.36709919261822,114067.81202422145,48275.13339622642,31171.29915090965,34621.379477085386
BKK_Ladprao,Watermelon,2571.0,2026-11-01,7.776792452830189,6.0,5.0,0.2732698961937716,44.36709919261822,114067.81202422145,48275.13339622642,31171.29915090965,34621.379477085386
BKK_Sukhumvit,Guava,1743.0,2026-09-01,9.366981132075471,6.0,5.5,0.27405003880409473,48.35533463912192,84283.34827598951,36371.14811320755,23097.854865573958,24814.345297208005
BKK_Sukhumvit,Guava,1743.0,2026-10-01,9.366981132075471,6.0,5.5,0.27405003880409473,48.35533463912192,84283.34827598951,36371.14811320755,23097.854865573958,24814.345297208005
BKK_Sukhumvit,Guava,1743.0,2026-11-01,9.366981132075471,6.0,5.5,0.27405003880409473,48.35533463912192,84283.34827598951,36371.14811320755,23097.854865573958,24814.345297208005
BKK_Sukhumvit,Mixed Berry,700.3333333333334,2026-09-01,40.92962962962962,8.0,7.0,0.27244260027662515,87.4283642231443,61228.997744275395,39169.38395061728,16681.387357782005,5378.2264358761095
BKK_Sukhumvit,Mixed Berry,700.3333333333334,2026-10-01,40.92962962962962,8.0,7.0,0.27244260027662515,87.4283642231443,61228.997744275395,39169.38395061728,16681.387357782005,5378.2264358761095
BKK_Sukhumvit,Mixed Berry,700.3333333333334,2026-11-01,40.92962962962962,8.0,7.0,0.27244260027662515,87.4283642231443,61228.997744275395,39169.38395061728,16681.387357782005,5378.2264358761095
BKK_Sukhumvit,Passion Fruit,1401.6666666666667,2026-09-01,20.93,6.0,6.0,0.2739002955665024,64.13710738916257,89898.84552380953,46156.88333333334,24623.320360058773,19118.641830417422
BKK_Sukhumvit,Passion Fruit,1401.6666666666667,2026-10-01,20.93,6.0,6.0,0.2739002955665024,64.13710738916257,89898.84552380953,46156.88333333334,24623.320360058773,19118.641830417422
BKK_Sukhumvit,Passion Fruit,1401.6666666666667,2026-11-01,20.93,6.0,6.0,0.2739002955665024,64.13710738916257,89898.84552380953,46156.88333333334,24623.320360058773,19118.641830417422
BKK_Sukhumvit,Pineapple,2352.6666666666665,2026-09-01,9.49698113207547,6.0,5.0,0.27273658536585366,48.40915162601625,113890.5973921409,48222.56427672955,31062.132638009705,34605.90047740165
BKK_Sukhumvit,Pineapple,2352.6666666666665,2026-10-01,9.49698113207547,6.0,5.0,0.27273658536585366,48.40915162601625,113890.5973921409,48222.56427672955,31062.132638009705,34605.90047740165
BKK_Sukhumvit,Pineapple,2352.6666666666665,2026-11-01,9.49698113207547,6.0,5.0,0.27273658536585366,48.40915162601625,113890.5973921409,48222.56427672955,31062.132638009705,34605.90047740165
BKK_Sukhumvit,Watermelon,4216.666666666667,2026-09-01,7.776792452830189,6.0,5.0,0.2732698961937716,44.36709919261822,187081.26826220684,79175.4748427673,51123.678757812406,56782.11466162713
BKK_Sukhumvit,Watermelon,4216.666666666667,2026-10-01,7.776792452830189,6.0,5.0,0.2732698961937716,44.36709919261822,187081.26826220684,79175.4748427673,51123.678757812406,56782.11466162713
BKK_Sukhumvit,Watermelon,4216.666666666667,2026-11-01,7.776792452830189,6.0,5.0,0.2732698961937716,44.36709919261822,187081.26826220684,79175.4748427673,51123.678757812406,56782.11466162713
Pattaya_Beach,Guava,1968.6666666666667,2026-09-01,9.366981132075471,6.0,5.5,0.27405003880409473,48.35533463912192,95195.53545955136,41080.13018867925,26088.340186666628,28027.065084205486
Pattaya_Beach,Guava,1968.6666666666667,2026-10-01,9.366981132075471,6.0,5.5,0.27405003880409473,48.35533463912192,95195.53545955136,41080.13018867925,26088.340186666628,28027.065084205486
Pattaya_Beach,Guava,1968.6666666666667,2026-11-01,9.366981132075471,6.0,5.5,0.27405003880409473,48.35533463912192,95195.53545955136,41080.13018867925,26088.340186666628,28027.065084205486
Pattaya_Beach,Mixed Berry,814.3333333333334,2026-09-01,40.92962962962962,8.0,7.0,0.27244260027662515,87.4283642231443,71195.83126571384,45545.36172839506,19396.777398886927,6253.692138431859
Pattaya_Beach,Mixed Berry,814.3333333333334,2026-10-01,40.92962962962962,8.0,7.0,0.27244260027662515,87.4283642231443,71195.83126571384,45545.36172839506,19396.777398886927,6253.692138431859
Pattaya_Beach,Mixed Berry,814.3333333333334,2026-11-01,40.92962962962962,8.0,7.0,0.27244260027662515,87.4283642231443,71195.83126571384,45545.36172839506,19396.777398886927,6253.692138431859
Pattaya_Beach,Passion Fruit,1611.3333333333333,2026-09-01,20.93,6.0,6.0,0.2739002955665024,64.13710738916257,103346.25903973727,53061.206666666665,28306.57089667636,21978.481476394245
Pattaya_Beach,Passion Fruit,1611.3333333333333,2026-10-01,20.93,6.0,6.0,0.2739002955665024,64.13710738916257,103346.25903973727,53061.206666666665,28306.57089667636,21978.481476394245
Pattaya_Beach,Passion Fruit,1611.3333333333333,2026-11-01,20.93,6.0,6.0,0.2739002955665024,64.13710738916257,103346.25903973727,53061.206666666665,28306.57089667636,21978.481476394245
Pattaya_Beach,Pineapple,2594.6666666666665,2026-09-01,9.49698113207547,6.0,5.0,0.27273658536585366,48.40915162601625,125605.61208563684,53182.83371069181,34257.24574302459,38165.532631920425
Pattaya_Beach,Pineapple,2594.6666666666665,2026-10-01,9.49698113207547,6.0,5.0,0.27273658536585366,48.40915162601625,125605.61208563684,53182.83371069181,34257.24574302459,38165.532631920425
Pattaya_Beach,Pineapple,2594.6666666666665,2026-11-01,9.49698113207547,6.0,5.0,0.27273658536585366,48.40915162601625,125605.61208563684,53182.83371069181,34257.24574302459,38165.532631920425
Pattaya_Beach,Watermelon,4779.333333333333,2026-09-01,7.776792452830189,6.0,5.0,0.2732698961937716,44.36709919261822,212045.15607458667,89740.55006289307,57945.5577888944,64359.048222799196
Pattaya_Beach,Watermelon,4779.333333333333,2026-10-01,7.776792452830189,6.0,5.0,0.2732698961937716,44.36709919261822,212045.15607458667,89740.55006289307,57945.5577888944,64359.048222799196
Pattaya_Beach,Watermelon,4779.333333333333,2026-11-01,7.776792452830189,6.0,5.0,0.2732698961937716,44.36709919261822,212045.15607458667,89740.55006289307,57945.5577888944,64359.048222799196
Pattaya_Central,Guava,2329.0,2026-09-01,9.366981132075471,6.0,5.5,0.27405003880409473,48.35533463912192,112619.57437451495,48599.19905660378,30863.398727436455,33156.97659047472
Pattaya_Central,Guava,2329.0,2026-10-01,9.366981132075471,6.0,5.5,0.27405003880409473,48.35533463912192,112619.57437451495,48599.19905660378,30863.398727436455,33156.97659047472
Pattaya_Central,Guava,2329.0,2026-11-01,9.366981132075471,6.0,5.5,0.27405003880409473,48.35533463912192,112619.57437451495,48599.19905660378,30863.398727436455,33156.97659047472
Pattaya_Central,Mixed Berry,948.0,2026-09-01,40.92962962962962,8.0,7.0,0.27244260027662515,87.4283642231443,82882.0892835408,53021.288888888885,22580.611920767264,7280.188473884653
Pattaya_Central,Mixed Berry,948.0,2026-10-01,40.92962962962962,8.0,7.0,0.27244260027662515,87.4283642231443,82882.0892835408,53021.288888888885,22580.611920767264,7280.188473884653
Pattaya_Central,Mixed Berry,948.0,2026-11-01,40.92962962962962,8.0,7.0,0.27244260027662515,87.4283642231443,82882.0892835408,53021.288888888885,22580.611920767264,7280.188473884653
Pattaya_Central,Passion Fruit,1852.3333333333333,2026-09-01,20.93,6.0,6.0,0.2739002955665024,64.13710738916257,118803.30192052545,60997.33666666666,32540.259510308344,25265.705743550447
Pattaya_Central,Passion Fruit,1852.3333333333333,2026-10-01,20.93,6.0,6.0,0.2739002955665024,64.13710738916257,118803.30192052545,60997.33666666666,32540.259510308344,25265.705743550447
Pattaya_Central,Passion Fruit,1852.3333333333333,2026-11-01,20.93,6.0,6.0,0.2739002955665024,64.13710738916257,118803.30192052545,60997.33666666666,32540.259510308344,25265.705743550447
Pattaya_Central,Pineapple,3042.333333333333,2026-09-01,9.49698113207547,6.0,5.0,0.27273658536585366,48.40915162601625,147276.77563021675,62358.648930817595,40167.76488907829,44750.36181032087
Pattaya_Central,Pineapple,3042.333333333333,2026-10-01,9.49698113207547,6.0,5.0,0.27273658536585366,48.40915162601625,147276.77563021675,62358.648930817595,40167.76488907829,44750.36181032087
Pattaya_Central,Pineapple,3042.333333333333,2026-11-01,9.49698113207547,6.0,5.0,0.27273658536585366,48.40915162601625,147276.77563021675,62358.648930817595,40167.76488907829,44750.36181032087
Pattaya_Central,Watermelon,5689.0,2026-09-01,7.776792452830189,6.0,5.0,0.2732698961937716,44.36709919261822,252404.42730680504,106821.17226415096,68974.53164897898,76608.7233936751
Pattaya_Central,Watermelon,5689.0,2026-10-01,7.776792452830189,6.0,5.0,0.2732698961937716,44.36709919261822,252404.42730680504,106821.17226415096,68974.53164897898,76608.7233936751
Pattaya_Central,Watermelon,5689.0,2026-11-01,7.776792452830189,6.0,5.0,0.2732698961937716,44.36709919261822,252404.42730680504,106821.17226415096,68974.53164897898,76608.7233936751
