kitchen,menu_clean,forecast_units,month
BKK_Ladprao,Guava,1041.3333333333333,2026-09-01
BKK_Ladprao,Guava,1041.3333333333333,2026-10-01
BKK_Ladprao,Guava,1041.3333333333333,2026-11-01
BKK_Ladprao,Mixed Berry,401.6666666666667,2026-09-01
BKK_Ladprao,Mixed Berry,401.6666666666667,2026-10-01
BKK_Ladprao,Mixed Berry,401.6666666666667,2026-11-01
BKK_Ladprao,Passion Fruit,825.6666666666666,2026-09-01
BKK_Ladprao,Passion Fruit,825.6666666666666,2026-10-01
BKK_Ladprao,Passion Fruit,825.6666666666666,2026-11-01
BKK_Ladprao,Pineapple,1403.0,2026-09-01
BKK_Ladprao,Pineapple,1403.0,2026-10-01
BKK_Ladprao,Pineapple,1403.0,2026-11-01
BKK_Ladprao,Watermelon,2571.0,2026-09-01
BKK_Ladprao,Watermelon,2571.0,2026-10-01
BKK_Ladprao,Watermelon,2571.0,2026-11-01
BKK_Sukhumvit,Guava,1743.0,2026-09-01
BKK_Sukhumvit,Guava,1743.0,2026-10-01
BKK_Sukhumvit,Guava,1743.0,2026-11-01
BKK_Sukhumvit,Mixed Berry,700.3333333333334,2026-09-01
BKK_Sukhumvit,Mixed Berry,700.3333333333334,2026-10-01
BKK_Sukhumvit,Mixed Berry,700.3333333333334,2026-11-01
BKK_Sukhumvit,Passion Fruit,1401.6666666666667,2026-09-01
BKK_Sukhumvit,Passion Fruit,1401.6666666666667,2026-10-01
BKK_Sukhumvit,Passion Fruit,1401.6666666666667,2026-11-01
BKK_Sukhumvit,Pineapple,2352.6666666666665,2026-09-01
BKK_Sukhumvit,Pineapple,2352.6666666666665,2026-10-01
BKK_Sukhumvit,Pineapple,2352.6666666666665,2026-11-01
BKK_Sukhumvit,Watermelon,4216.666666666667,2026-09-01
BKK_Sukhumvit,Watermelon,4216.666666666667,2026-10-01
BKK_Sukhumvit,Watermelon,4216.666666666667,2026-11-01
Pattaya_Beach,Guava,1968.6666666666667,2026-09-01
Pattaya_Beach,Guava,1968.6666666666667,2026-10-01
Pattaya_Beach,Guava,1968.6666666666667,2026-11-01
Pattaya_Beach,Mixed Berry,814.3333333333334,2026-09-01
Pattaya_Beach,Mixed Berry,814.3333333333334,2026-10-01
Pattaya_Beach,Mixed Berry,814.3333333333334,2026-11-01
Pattaya_Beach,Passion Fruit,1611.3333333333333,2026-09-01
Pattaya_Beach,Passion Fruit,1611.3333333333333,2026-10-01
Pattaya_Beach,Passion Fruit,1611.3333333333333,2026-11-01
Pattaya_Beach,Pineapple,2594.6666666666665,2026-09-01
Pattaya_Beach,Pineapple,2594.6666666666665,2026-10-01
Pattaya_Beach,Pineapple,2594.6666666666665,2026-11-01
Pattaya_Beach,Watermelon,4779.333333333333,2026-09-01
Pattaya_Beach,Watermelon,4779.333333333333,2026-10-01
Pattaya_Beach,Watermelon,4779.333333333333,2026-11-01
Pattaya_Central,Guava,2329.0,2026-09-01
Pattaya_Central,Guava,2329.0,2026-10-01
Pattaya_Central,Guava,2329.0,2026-11-01
Pattaya_Central,Mixed Berry,948.0,2026-09-01
Pattaya_Central,Mixed Berry,948.0,2026-10-01
Pattaya_Central,Mixed Berry,948.0,2026-11-01
Pattaya_Central,Passion Fruit,1852.3333333333333,2026-09-01
Pattaya_Central,Passion Fruit,1852.3333333333333,2026-10-01
Pattaya_Central,Passion Fruit,1852.3333333333333,2026-11-01
Pattaya_Central,Pineapple,3042.3333333333335,2026-09-01
Pattaya_Central,Pineapple,3042.3333333333335,2026-10-01
Pattaya_Central,Pineapple,3042.3333333333335,2026-11-01
Pattaya_Central,Watermelon,5689.0,2026-09-01
Pattaya_Central,Watermelon,5689.0,2026-10-01
Pattaya_Central,Watermelon,5689.0,2026-11-01
