kitchen,sku,monthly_units,daily_demand,recommended_stock_7days
BKK_Ladprao,Guava,15202,42.227777777777774,295.59444444444443
BKK_Ladprao,Mixed Berry,4176,11.6,81.2
BKK_Ladprao,Passion Fruit,11916,33.1,231.70000000000002
BKK_Ladprao,Pineapple,20016,55.6,389.2
BKK_Ladprao,Watermelon,36425,101.18055555555556,708.2638888888889
BKK_Sukhumvit,Guava,25128,69.8,488.59999999999997
BKK_Sukhumvit,Mixed Berry,6927,19.241666666666667,134.69166666666666
BKK_Sukhumvit,Passion Fruit,20103,55.84166666666667,390.89166666666665
BKK_Sukhumvit,Pineapple,33355,92.65277777777779,648.5694444444445
BKK_Sukhumvit,Watermelon,60765,168.79166666666666,1181.5416666666665
Pattaya_Beach,Guava,28204,78.34444444444445,548.4111111111112
Pattaya_Beach,Mixed Berry,7805,21.680555555555554,151.76388888888889
Pattaya_Beach,Passion Fruit,22715,63.09722222222222,441.68055555555554
Pattaya_Beach,Pineapple,38154,105.98333333333333,741.8833333333333
Pattaya_Beach,Watermelon,68130,189.25,1324.75
Pattaya_Central,Guava,33281,92.44722222222222,647.1305555555556
Pattaya_Central,Mixed Berry,9212,25.58888888888889,179.1222222222222
Pattaya_Central,Passion Fruit,26882,74.67222222222222,522.7055555555555
Pattaya_Central,Pineapple,44484,123.56666666666666,864.9666666666667
Pattaya_Central,Watermelon,80372,223.25555555555556,1562.788888888889
