month,kitchen,revenue,profit_after_platform,units_sold,monthly_overhead,net_profit,net_margin_%
2025-09,BKK_Ladprao,272724.74,76212.53599245283,5685,140000,-63787.46400754717,-23.38895400818685
2025-09,BKK_Sukhumvit,459233.76,127460.16886792454,9522,200000,-72539.83113207546,-15.79584025618575
2025-09,Pattaya_Beach,506659.96,144390.15578867926,10530,150000,-5609.844211320742,-1.1072207504458693
2025-09,Pattaya_Central,592427.27,165452.5009471698,12273,180000,-14547.499052830186,-2.4555755262296053
2025-10,BKK_Ladprao,283213.97,79972.63236981133,5852,140000,-60027.36763018867,-21.19505885609692
2025-10,BKK_Sukhumvit,472628.81,134716.2898490566,9761,200000,-65283.7101509434,-13.8128926484493
2025-10,Pattaya_Beach,520461.98,145443.34733584907,10724,150000,-4556.652664150926,-0.875501542716132
2025-10,Pattaya_Central,608913.05,169253.92472075473,12553,180000,-10746.07527924527,-1.764796349699726
2025-11,BKK_Ladprao,308915.0,88649.0197735849,6311,140000,-51350.98022641509,-16.623012876168232
2025-11,BKK_Sukhumvit,534350.1,151874.60147169812,10943,200000,-48125.398528301885,-9.006342195557162
2025-11,Pattaya_Beach,606922.3,171566.89188679247,12392,150000,21566.891886792466,3.5534848343507006
2025-11,Pattaya_Central,711818.25,203699.80179245284,14518,180000,23699.80179245284,3.3294737515444197
2025-12,BKK_Ladprao,345891.25,96283.51266037737,7046,140000,-43716.48733962263,-12.638795384278334
2025-12,BKK_Sukhumvit,574423.4,163140.34824528304,11748,200000,-36859.651754716964,-6.416808882562402
2025-12,Pattaya_Beach,637578.45,179767.7790566038,13066,150000,29767.779056603787,4.668880991288804
2025-12,Pattaya_Central,764967.15,220107.3291509434,15645,180000,40107.329150943406,5.243013265464197
2026-01,BKK_Ladprao,351479.55,100515.73990566039,7160,140000,-39484.26009433961,-11.233728987743273
2026-01,BKK_Sukhumvit,576172.15,162659.0202264151,11756,200000,-37340.9797735849,-6.480872040341571
2026-01,Pattaya_Beach,652942.2,186136.8396226415,13314,150000,36136.839622641506,5.534462257553809
2026-01,Pattaya_Central,766042.25,218928.96973584907,15628,180000,38928.96973584907,5.081830634778835
2026-02,BKK_Ladprao,325244.75,91717.47556603774,6701,140000,-48282.52443396226,-14.844981950965314
2026-02,BKK_Sukhumvit,550064.7,154736.8463773585,11306,200000,-45263.15362264149,-8.228696301115395
2026-02,Pattaya_Beach,623180.1,175986.35109433962,12792,150000,25986.351094339625,4.169958426839949
2026-02,Pattaya_Central,732337.65,206907.95424528304,15027,180000,26907.954245283036,3.674255208001805
2026-03,BKK_Ladprao,514593.25,126974.14737596088,9584,140000,-13025.852624039122,-2.5312910000352944
2026-03,BKK_Sukhumvit,844215.65,208893.349371768,15720,200000,8893.34937176801,1.0534452153034608
2026-03,Pattaya_Beach,972111.95,236168.4212089448,18141,150000,86168.42120894481,8.864042995145242
2026-03,Pattaya_Central,1137390.8,282017.0813542977,21209,180000,102017.0813542977,8.969395686539551
2026-04,BKK_Ladprao,580542.75,145670.09531726068,11117,140000,5670.095317260682,0.9766886792162477
2026-04,BKK_Sukhumvit,958560.75,242477.8378518519,18324,200000,42477.83785185189,4.431418441851691
2026-04,Pattaya_Beach,1080108.2,274436.68330328446,20716,150000,124436.68330328446,11.520760911109134
2026-04,Pattaya_Central,1274284.15,323481.8544458421,24429,180000,143481.8544458421,11.259800606155395
2026-05,BKK_Ladprao,493570.55,125917.63603563943,9551,140000,-14082.363964360571,-2.853161308826179
2026-05,BKK_Sukhumvit,825005.75,214708.3809007687,15955,200000,14708.380900768709,1.782821622851563
2026-05,Pattaya_Beach,932196.2,239388.8169419986,18028,150000,89388.81694199861,9.589056138825562
2026-05,Pattaya_Central,1107664.6,283057.05592592596,21367,180000,103057.05592592596,9.303994722402969
2026-06,BKK_Ladprao,334507.98,84128.67428609365,6577,140000,-55871.32571390635,-16.702538968997498
2026-06,BKK_Sukhumvit,545667.79,138121.80688301887,10641,200000,-61878.19311698113,-11.33990208895803
2026-06,Pattaya_Beach,613938.96,156769.32341481483,12014,150000,6769.323414814833,1.1026052842150356
2026-06,Pattaya_Central,723931.4,181093.50140642907,14176,180000,1093.5014064290735,0.15105041809611705
2026-07,BKK_Ladprao,307592.85,79859.3887037037,6077,140000,-60140.611296296294,-19.552018616913983
2026-07,BKK_Sukhumvit,519316.1,133081.9397728861,10219,200000,-66918.06022711389,-12.885805047660547
2026-07,Pattaya_Beach,586632.24,150401.33618546472,11496,150000,401.3361854647228,0.06841359170179989
2026-07,Pattaya_Central,699249.33,180704.19287868624,13723,180000,704.1928786862409,0.10070697939549558
2026-08,BKK_Ladprao,307547.6,80726.95447631027,6074,140000,-59273.045523689725,-19.27280379482387
2026-08,BKK_Sukhumvit,525675.88,139319.28159412998,10383,200000,-60680.71840587002,-11.543371251096783
2026-08,Pattaya_Beach,597379.2,152362.07452774284,11795,150000,2362.074527742836,0.39540622233630435
2026-08,Pattaya_Central,691622.0,180112.95149350105,13683,180000,112.95149350105203,0.01633139106347861
